Feature,Importance
assignment_completion,0.6978345144510787
study_hours,0.15398790769347412
gaming_hours,0.07617042123397956
addiction_score,0.029397531002890668
stress_level,0.017128932263773836
device_usage,0.011297213502009669
sleep_hours,0.010550074444708466
attendance,0.002584787212476206
social_activity,0.0010486181956089115
